{
  "method": "uniform",
  "sample_tiles": 60,
  "total_tiles": 2548,
  "mean_count_per_tile": 0.1,
  "estimate": 254.8,
  "ci_95": [
    84.93333333333334,
    424.66666666666663
  ]
}